level_id,fail_rate_percent,total_attempts
50,57.1428571428571429,7
30,50.0000000000000000,4
