student_id,level_id,minutes_to_complete
8,10,10.0000000000000000
1,10,12.0000000000000000
10,20,20.0000000000000000
3,20,20.0000000000000000
6,40,25.0000000000000000
9,30,30.0000000000000000
2,50,30.0000000000000000
1,50,35.0000000000000000
8,50,40.0000000000000000
4,30,55.0000000000000000
