level_id,pass_rate_percent,total_attempts
40,100.0000000000000000,1
10,100.0000000000000000,2
20,66.6666666666666667,3
30,50.0000000000000000,4
50,42.8571428571428571,7
